book_id,title,author,description
1,Business Book 1,Author 29,Negotiation tactics and leadership strategies for managers.
2,Children Book 2,Author 21,A curious cat explores the city and learns about friendship.
3,Business Book 3,Author 19,Negotiation tactics and leadership strategies for managers.
4,Business Book 4,Author 11,How startups scale products and build strong teams.
5,Children Book 5,Author 36,A curious cat explores the city and learns about friendship.
6,Children Book 6,Author 3,A magical school adventure for kids with puzzles and fun.
7,History Book 7,Author 2,An account of ancient empires and the wars that shaped the world.
8,Children Book 8,Author 30,A magical school adventure for kids with puzzles and fun.
9,History Book 9,Author 21,A deep dive into the political revolutions of the 20th century.
10,Fantasy Book 10,Author 58,Dragons rise again as an ancient prophecy awakens in the north.
11,History Book 11,Author 44,An account of ancient empires and the wars that shaped the world.
12,Horror Book 12,Author 27,"A haunted house whispers at night, luring visitors inside."
13,Poetry Book 13,Author 28,Minimalist poems inspired by nature and silence.
14,Mystery Book 14,Author 55,A missing diary reveals clues to an old family crime.
15,Science Fiction Book 15,Author 57,An AI gains consciousness and changes the future of Earth.
16,Mystery Book 16,Author 51,A detective investigates a series of murders in a quiet town.
17,Business Book 17,Author 9,How startups scale products and build strong teams.
18,Business Book 18,Author 4,Negotiation tactics and leadership strategies for managers.
19,Horror Book 19,Author 14,A village faces a terrifying creature in the woods.
20,Romance Book 20,Author 9,A long-distance relationship is tested by secrets and time.
21,Poetry Book 21,Author 2,"A collection of poems about love, loss, and hope."
22,Science Fiction Book 22,Author 47,An AI gains consciousness and changes the future of Earth.
23,Business Book 23,Author 8,Negotiation tactics and leadership strategies for managers.
24,Mystery Book 24,Author 17,A missing diary reveals clues to an old family crime.
25,Science Fiction Book 25,Author 40,An AI gains consciousness and changes the future of Earth.
26,Science Fiction Book 26,Author 6,An AI gains consciousness and changes the future of Earth.
27,History Book 27,Author 4,A deep dive into the political revolutions of the 20th century.
28,History Book 28,Author 18,An account of ancient empires and the wars that shaped the world.
29,Poetry Book 29,Author 34,Minimalist poems inspired by nature and silence.
30,Poetry Book 30,Author 36,Minimalist poems inspired by nature and silence.
31,Children Book 31,Author 23,A magical school adventure for kids with puzzles and fun.
32,Horror Book 32,Author 40,A village faces a terrifying creature in the woods.
33,Self-Help Book 33,Author 45,Learn to manage anxiety with simple routines and mindset shifts.
34,Romance Book 34,Author 53,Two strangers meet in a small cafe and find love against all odds.
35,Children Book 35,Author 25,A magical school adventure for kids with puzzles and fun.
36,Horror Book 36,Author 15,"A haunted house whispers at night, luring visitors inside."
37,Fantasy Book 37,Author 7,A young hero discovers a hidden kingdom and must defeat a dark sorcerer.
38,Horror Book 38,Author 1,A village faces a terrifying creature in the woods.
39,Children Book 39,Author 11,A magical school adventure for kids with puzzles and fun.
40,Mystery Book 40,Author 8,A detective investigates a series of murders in a quiet town.
41,Mystery Book 41,Author 33,A detective investigates a series of murders in a quiet town.
42,Self-Help Book 42,Author 39,Learn to manage anxiety with simple routines and mindset shifts.
43,Poetry Book 43,Author 28,"A collection of poems about love, loss, and hope."
44,Business Book 44,Author 8,How startups scale products and build strong teams.
45,Romance Book 45,Author 48,Two strangers meet in a small cafe and find love against all odds.
46,Business Book 46,Author 24,How startups scale products and build strong teams.
47,Self-Help Book 47,Author 44,A practical guide to build habits and improve focus every day.
48,Children Book 48,Author 27,A magical school adventure for kids with puzzles and fun.
49,Mystery Book 49,Author 35,A detective investigates a series of murders in a quiet town.
50,Self-Help Book 50,Author 14,A practical guide to build habits and improve focus every day.
51,Mystery Book 51,Author 5,A detective investigates a series of murders in a quiet town.
52,Poetry Book 52,Author 14,"A collection of poems about love, loss, and hope."
53,Business Book 53,Author 9,How startups scale products and build strong teams.
54,Poetry Book 54,Author 13,Minimalist poems inspired by nature and silence.
55,Mystery Book 55,Author 32,A detective investigates a series of murders in a quiet town.
56,Business Book 56,Author 52,How startups scale products and build strong teams.
57,Science Fiction Book 57,Author 37,An AI gains consciousness and changes the future of Earth.
58,Business Book 58,Author 45,How startups scale products and build strong teams.
59,Science Fiction Book 59,Author 32,A crew travels through a wormhole to save humanity from collapse.
60,Business Book 60,Author 51,How startups scale products and build strong teams.
61,History Book 61,Author 2,A deep dive into the political revolutions of the 20th century.
62,Poetry Book 62,Author 57,"A collection of poems about love, loss, and hope."
63,Self-Help Book 63,Author 28,Learn to manage anxiety with simple routines and mindset shifts.
64,Science Fiction Book 64,Author 11,An AI gains consciousness and changes the future of Earth.
65,Poetry Book 65,Author 28,"A collection of poems about love, loss, and hope."
66,Horror Book 66,Author 33,"A haunted house whispers at night, luring visitors inside."
67,Fantasy Book 67,Author 27,A young hero discovers a hidden kingdom and must defeat a dark sorcerer.
68,Horror Book 68,Author 13,A village faces a terrifying creature in the woods.
69,Horror Book 69,Author 39,"A haunted house whispers at night, luring visitors inside."
70,History Book 70,Author 27,A deep dive into the political revolutions of the 20th century.
71,Horror Book 71,Author 37,A village faces a terrifying creature in the woods.
72,Fantasy Book 72,Author 42,A young hero discovers a hidden kingdom and must defeat a dark sorcerer.
73,Children Book 73,Author 59,A curious cat explores the city and learns about friendship.
74,History Book 74,Author 32,A deep dive into the political revolutions of the 20th century.
75,Children Book 75,Author 52,A curious cat explores the city and learns about friendship.
76,Fantasy Book 76,Author 49,Dragons rise again as an ancient prophecy awakens in the north.
77,Poetry Book 77,Author 12,Minimalist poems inspired by nature and silence.
78,Business Book 78,Author 3,Negotiation tactics and leadership strategies for managers.
79,Fantasy Book 79,Author 49,A young hero discovers a hidden kingdom and must defeat a dark sorcerer.
80,Children Book 80,Author 59,A curious cat explores the city and learns about friendship.
81,Fantasy Book 81,Author 2,Dragons rise again as an ancient prophecy awakens in the north.
82,History Book 82,Author 37,An account of ancient empires and the wars that shaped the world.
83,Fantasy Book 83,Author 19,A young hero discovers a hidden kingdom and must defeat a dark sorcerer.
84,Romance Book 84,Author 44,Two strangers meet in a small cafe and find love against all odds.
85,Poetry Book 85,Author 6,Minimalist poems inspired by nature and silence.
86,Business Book 86,Author 55,Negotiation tactics and leadership strategies for managers.
87,Children Book 87,Author 17,A curious cat explores the city and learns about friendship.
88,History Book 88,Author 5,A deep dive into the political revolutions of the 20th century.
89,Science Fiction Book 89,Author 6,An AI gains consciousness and changes the future of Earth.
90,History Book 90,Author 48,An account of ancient empires and the wars that shaped the world.
91,Fantasy Book 91,Author 59,A young hero discovers a hidden kingdom and must defeat a dark sorcerer.
92,History Book 92,Author 29,A deep dive into the political revolutions of the 20th century.
93,Mystery Book 93,Author 59,A missing diary reveals clues to an old family crime.
94,Science Fiction Book 94,Author 26,A crew travels through a wormhole to save humanity from collapse.
95,Mystery Book 95,Author 19,A detective investigates a series of murders in a quiet town.
96,Science Fiction Book 96,Author 7,An AI gains consciousness and changes the future of Earth.
97,Science Fiction Book 97,Author 33,A crew travels through a wormhole to save humanity from collapse.
98,Children Book 98,Author 39,A magical school adventure for kids with puzzles and fun.
99,Romance Book 99,Author 1,A long-distance relationship is tested by secrets and time.
100,Horror Book 100,Author 50,"A haunted house whispers at night, luring visitors inside."
101,Business Book 101,Author 30,How startups scale products and build strong teams.
102,Poetry Book 102,Author 7,"A collection of poems about love, loss, and hope."
103,Poetry Book 103,Author 57,Minimalist poems inspired by nature and silence.
104,Science Fiction Book 104,Author 49,An AI gains consciousness and changes the future of Earth.
105,Romance Book 105,Author 48,Two strangers meet in a small cafe and find love against all odds.
106,Self-Help Book 106,Author 32,A practical guide to build habits and improve focus every day.
107,Business Book 107,Author 41,How startups scale products and build strong teams.
108,Mystery Book 108,Author 48,A detective investigates a series of murders in a quiet town.
109,Mystery Book 109,Author 24,A missing diary reveals clues to an old family crime.
110,History Book 110,Author 33,A deep dive into the political revolutions of the 20th century.
111,Children Book 111,Author 11,A magical school adventure for kids with puzzles and fun.
112,Fantasy Book 112,Author 36,Dragons rise again as an ancient prophecy awakens in the north.
113,History Book 113,Author 20,A deep dive into the political revolutions of the 20th century.
114,Mystery Book 114,Author 25,A missing diary reveals clues to an old family crime.
115,Mystery Book 115,Author 29,A detective investigates a series of murders in a quiet town.
116,Romance Book 116,Author 46,A long-distance relationship is tested by secrets and time.
117,Romance Book 117,Author 54,A long-distance relationship is tested by secrets and time.
118,Mystery Book 118,Author 41,A missing diary reveals clues to an old family crime.
119,Science Fiction Book 119,Author 4,A crew travels through a wormhole to save humanity from collapse.
120,Fantasy Book 120,Author 21,Dragons rise again as an ancient prophecy awakens in the north.
121,Science Fiction Book 121,Author 8,An AI gains consciousness and changes the future of Earth.
122,Business Book 122,Author 17,How startups scale products and build strong teams.
123,Fantasy Book 123,Author 12,Dragons rise again as an ancient prophecy awakens in the north.
124,Mystery Book 124,Author 55,A missing diary reveals clues to an old family crime.
125,History Book 125,Author 30,A deep dive into the political revolutions of the 20th century.
126,History Book 126,Author 45,A deep dive into the political revolutions of the 20th century.
127,Mystery Book 127,Author 8,A missing diary reveals clues to an old family crime.
128,Romance Book 128,Author 30,Two strangers meet in a small cafe and find love against all odds.
129,Fantasy Book 129,Author 47,Dragons rise again as an ancient prophecy awakens in the north.
130,Fantasy Book 130,Author 48,A young hero discovers a hidden kingdom and must defeat a dark sorcerer.
131,Mystery Book 131,Author 35,A missing diary reveals clues to an old family crime.
132,Fantasy Book 132,Author 17,Dragons rise again as an ancient prophecy awakens in the north.
133,Self-Help Book 133,Author 35,Learn to manage anxiety with simple routines and mindset shifts.
134,Horror Book 134,Author 24,"A haunted house whispers at night, luring visitors inside."
135,Fantasy Book 135,Author 53,Dragons rise again as an ancient prophecy awakens in the north.
136,Mystery Book 136,Author 33,A missing diary reveals clues to an old family crime.
137,Science Fiction Book 137,Author 21,A crew travels through a wormhole to save humanity from collapse.
138,Business Book 138,Author 3,How startups scale products and build strong teams.
139,Romance Book 139,Author 42,Two strangers meet in a small cafe and find love against all odds.
140,History Book 140,Author 3,A deep dive into the political revolutions of the 20th century.
141,Children Book 141,Author 24,A magical school adventure for kids with puzzles and fun.
142,Romance Book 142,Author 47,A long-distance relationship is tested by secrets and time.
143,History Book 143,Author 2,An account of ancient empires and the wars that shaped the world.
144,Poetry Book 144,Author 26,Minimalist poems inspired by nature and silence.
145,Fantasy Book 145,Author 33,Dragons rise again as an ancient prophecy awakens in the north.
146,Horror Book 146,Author 54,"A haunted house whispers at night, luring visitors inside."
147,Business Book 147,Author 42,How startups scale products and build strong teams.
148,Business Book 148,Author 35,Negotiation tactics and leadership strategies for managers.
149,Romance Book 149,Author 24,Two strangers meet in a small cafe and find love against all odds.
150,Poetry Book 150,Author 57,"A collection of poems about love, loss, and hope."
151,Science Fiction Book 151,Author 20,A crew travels through a wormhole to save humanity from collapse.
152,Fantasy Book 152,Author 46,Dragons rise again as an ancient prophecy awakens in the north.
153,Mystery Book 153,Author 15,A detective investigates a series of murders in a quiet town.
154,Romance Book 154,Author 32,A long-distance relationship is tested by secrets and time.
155,Business Book 155,Author 22,How startups scale products and build strong teams.
156,Mystery Book 156,Author 58,A detective investigates a series of murders in a quiet town.
157,History Book 157,Author 58,A deep dive into the political revolutions of the 20th century.
158,History Book 158,Author 52,An account of ancient empires and the wars that shaped the world.
159,Poetry Book 159,Author 15,Minimalist poems inspired by nature and silence.
160,History Book 160,Author 37,An account of ancient empires and the wars that shaped the world.
161,Fantasy Book 161,Author 53,Dragons rise again as an ancient prophecy awakens in the north.
162,Self-Help Book 162,Author 4,A practical guide to build habits and improve focus every day.
163,History Book 163,Author 32,An account of ancient empires and the wars that shaped the world.
164,Science Fiction Book 164,Author 47,An AI gains consciousness and changes the future of Earth.
165,Mystery Book 165,Author 40,A detective investigates a series of murders in a quiet town.
166,Science Fiction Book 166,Author 13,An AI gains consciousness and changes the future of Earth.
167,Romance Book 167,Author 42,A long-distance relationship is tested by secrets and time.
168,Mystery Book 168,Author 56,A detective investigates a series of murders in a quiet town.
169,Mystery Book 169,Author 58,A missing diary reveals clues to an old family crime.
170,Business Book 170,Author 37,Negotiation tactics and leadership strategies for managers.
171,Poetry Book 171,Author 23,"A collection of poems about love, loss, and hope."
172,Horror Book 172,Author 53,A village faces a terrifying creature in the woods.
173,Fantasy Book 173,Author 58,Dragons rise again as an ancient prophecy awakens in the north.
174,Fantasy Book 174,Author 34,A young hero discovers a hidden kingdom and must defeat a dark sorcerer.
175,History Book 175,Author 25,A deep dive into the political revolutions of the 20th century.
176,Children Book 176,Author 53,A curious cat explores the city and learns about friendship.
177,Fantasy Book 177,Author 39,Dragons rise again as an ancient prophecy awakens in the north.
178,Self-Help Book 178,Author 29,Learn to manage anxiety with simple routines and mindset shifts.
179,Business Book 179,Author 12,How startups scale products and build strong teams.
180,Poetry Book 180,Author 51,Minimalist poems inspired by nature and silence.
181,Self-Help Book 181,Author 57,Learn to manage anxiety with simple routines and mindset shifts.
182,Self-Help Book 182,Author 49,A practical guide to build habits and improve focus every day.
183,Science Fiction Book 183,Author 12,A crew travels through a wormhole to save humanity from collapse.
184,Poetry Book 184,Author 48,Minimalist poems inspired by nature and silence.
185,Self-Help Book 185,Author 36,A practical guide to build habits and improve focus every day.
186,Fantasy Book 186,Author 30,Dragons rise again as an ancient prophecy awakens in the north.
187,Self-Help Book 187,Author 58,A practical guide to build habits and improve focus every day.
188,Poetry Book 188,Author 5,Minimalist poems inspired by nature and silence.
189,Science Fiction Book 189,Author 52,An AI gains consciousness and changes the future of Earth.
190,Poetry Book 190,Author 19,Minimalist poems inspired by nature and silence.
191,Poetry Book 191,Author 1,Minimalist poems inspired by nature and silence.
192,Children Book 192,Author 45,A curious cat explores the city and learns about friendship.
193,Science Fiction Book 193,Author 24,An AI gains consciousness and changes the future of Earth.
194,Business Book 194,Author 49,Negotiation tactics and leadership strategies for managers.
195,Science Fiction Book 195,Author 12,An AI gains consciousness and changes the future of Earth.
196,Romance Book 196,Author 33,Two strangers meet in a small cafe and find love against all odds.
197,Fantasy Book 197,Author 51,A young hero discovers a hidden kingdom and must defeat a dark sorcerer.
198,Self-Help Book 198,Author 3,Learn to manage anxiety with simple routines and mindset shifts.
199,Fantasy Book 199,Author 40,A young hero discovers a hidden kingdom and must defeat a dark sorcerer.
200,Poetry Book 200,Author 44,"A collection of poems about love, loss, and hope."
